key,value,unit,range_accept,notes
skill,近战,, ,终局Boss新增；不改钉骨弩20/盾冲25/三矢18/环弹15；不改血量1200
trigger_dist,4.0,u,[3.0;5.0],贴身才触发；下限3u为硬约束（策划：避免和「至少3u才开新招」空档）；翻滚位移6u一次可脱出
windup,0.70,s,[0.60;0.85],预警；决策窗约0.5s
hit_time,0.70,s,,出手时刻=前摇结束；不绑帧率。60fps时为第42帧
hit_active,0.05,s,[0.03;0.08],短于翻滚无敌0.24s，能躲
recovery,0.80,s,[0.70;1.00],只约束本招；不插入另外四招的时序
base_damage,30,hp,[26;33],玩家最大生命按100；30×3=90，第4下致死，与盾冲同为4击
hits,1,次,1,单次判定，无多段无连击
boss_hp,1200,hp,不变,
player_dps_0b,13,,纸面,1200/13=92s，落在击杀窗[60;120]
dodge_uptime_loss,0.40,s/次,,翻滚中不可开火；若约每8s触发一次，掉约5%输出，击杀约97s，仍在窗内
lock,0,,,,草案不锁
